{
  "model_name": "criteo_ctr_xgb",
  "auc_roc": 0.7898956605172165,
  "logloss": 0.47637898136581325,
  "auc_pr": 0.27344633408611196,
  "score_std": 0.23227688670158386,
  "cv_auc_mean": 0.7812019151447485,
  "cv_auc_std": 0.005347716170466491,
  "feature_importance": {
    "I10": 0.09136723726987839,
    "I8": 0.05737309902906418,
    "C3": 0.05572187900543213,
    "C6": 0.046916283667087555,
    "C1": 0.046842869371175766,
    "I5": 0.039648957550525665,
    "I1": 0.03606254979968071,
    "C15": 0.0286503154784441,
    "C11": 0.027458101511001587,
    "C21": 0.02666759490966797,
    "I3": 0.024674439802765846,
    "I12": 0.02276250720024109,
    "C19": 0.020589031279087067,
    "C13": 0.019415466114878654,
    "C8": 0.018886083737015724,
    "I9": 0.01886516436934471,
    "C20": 0.01878322660923004,
    "C17": 0.01875324361026287,
    "C25": 0.018743479624390602,
    "I6": 0.018657512962818146,
    "C26": 0.018609894439578056,
    "I2": 0.01857156679034233,
    "C5": 0.018409090116620064,
    "C16": 0.01828395389020443,
    "I11": 0.018274759873747826,
    "I7": 0.018207965418696404,
    "C2": 0.01820739544928074,
    "C9": 0.018204275518655777,
    "I13": 0.018123921006917953,
    "C22": 0.01808510720729828,
    "C12": 0.018084198236465454,
    "C14": 0.018031323328614235,
    "C24": 0.01800539530813694,
    "C4": 0.017929209396243095,
    "C23": 0.017906945198774338,
    "C10": 0.01784413307905197,
    "C7": 0.01778058521449566,
    "I4": 0.017437580972909927,
    "C18": 0.01716366969048977
  },
  "hyperparams": {
    "n_estimators": 300,
    "max_depth": 6,
    "learning_rate": 0.05,
    "min_child_weight": 50,
    "subsample": 0.8,
    "colsample_bytree": 0.8,
    "gamma": 0.1,
    "reg_alpha": 0.1,
    "reg_lambda": 1.0,
    "eval_metric": "logloss",
    "tree_method": "hist",
    "device": "cpu",
    "random_state": 42,
    "scale_pos_weight": 11.31337540403263
  },
  "train_size": 80000,
  "test_size": 20000,
  "positive_rate": 0.0789,
  "training_time_sec": 5.78112006187439,
  "gates_passed": true,
  "gate_details": [
    {
      "gate": "AUC-ROC",
      "passed": true,
      "value": 0.7898956605172165,
      "threshold": 0.65
    },
    {
      "gate": "LogLoss",
      "passed": true,
      "value": 0.47637898136581325,
      "threshold": 0.5
    },
    {
      "gate": "AUC-PR",
      "passed": true,
      "value": 0.27344633408611196,
      "threshold": 0.08
    }
  ],
  "model_path": "python/criteo_example/models/model.ubj",
  "feature_names": [
    "I1",
    "I2",
    "I3",
    "I4",
    "I5",
    "I6",
    "I7",
    "I8",
    "I9",
    "I10",
    "I11",
    "I12",
    "I13",
    "C1",
    "C2",
    "C3",
    "C4",
    "C5",
    "C6",
    "C7",
    "C8",
    "C9",
    "C10",
    "C11",
    "C12",
    "C13",
    "C14",
    "C15",
    "C16",
    "C17",
    "C18",
    "C19",
    "C20",
    "C21",
    "C22",
    "C23",
    "C24",
    "C25",
    "C26"
  ]
}